omitted_q,status,wall_limit_seconds,seed,variables,clauses,cnf_sha256,solver_output_sha256
0,UNKNOWN,30,13001,1820,48928,04ae62a51da67d15e1407a48f42a9fd245f3fbb38ac353e182cb1a5d2c7d9ebb,8fba55cea0f98be36fab7b65349dda867a58aabfcf974a46098f5123830ac5cb
1,UNKNOWN,30,13002,1820,48928,b51931f64b99d11e5fc37f60feae29ab50080fcfbbd9c7435a56ada25333c063,8fba55cea0f98be36fab7b65349dda867a58aabfcf974a46098f5123830ac5cb
2,UNKNOWN,30,13003,1820,48928,00275ec1715721759d403a5b6cf766cf6fd5adefb3ecf5efe131b1e444d1d9da,8fba55cea0f98be36fab7b65349dda867a58aabfcf974a46098f5123830ac5cb
3,UNKNOWN,30,13004,1820,48928,204c15eb0384550126d76570fab74c4ce3e8cdc5363e321d710bb66234ef9f00,8fba55cea0f98be36fab7b65349dda867a58aabfcf974a46098f5123830ac5cb
4,UNKNOWN,30,13005,1820,48928,0f7320b48330dc95c4906e36b2de26887772c20fa18e4c0e9f17dd29ce5a9d20,8fba55cea0f98be36fab7b65349dda867a58aabfcf974a46098f5123830ac5cb
5,UNKNOWN,30,13006,1820,48928,9d97c28ca0934ca661b073754743e96d892c690e647fc71d4cd55f776df3d4e1,8fba55cea0f98be36fab7b65349dda867a58aabfcf974a46098f5123830ac5cb
6,UNKNOWN,30,13007,1820,48928,808ea0185c0bdebceba95a26738335a46171c8aba97d6844a8ce0b67d8a655ce,8fba55cea0f98be36fab7b65349dda867a58aabfcf974a46098f5123830ac5cb
7,UNKNOWN,30,13008,1820,48928,239236ada2737c72e1277ef0fa1ccc00f4c77d614fae6c97e19ce6b6d933c14e,8fba55cea0f98be36fab7b65349dda867a58aabfcf974a46098f5123830ac5cb
8,UNKNOWN,30,13009,1820,48928,3168561297ad52a7342b13bb1e142c148df4f5c77cb35d4b844bfc26e1ea8bd1,8fba55cea0f98be36fab7b65349dda867a58aabfcf974a46098f5123830ac5cb
9,UNKNOWN,30,13010,1820,48928,0606ee4825ecb68968107e6458b9c7a7a563b0ad7c9bd10dafb1b88a1673990b,8fba55cea0f98be36fab7b65349dda867a58aabfcf974a46098f5123830ac5cb
10,UNKNOWN,30,13011,1820,48928,661535d52c715a4a6dedbcb3cb1262b4ac7f7ecf0d24fbe365ca05b1e871487a,8fba55cea0f98be36fab7b65349dda867a58aabfcf974a46098f5123830ac5cb
11,UNKNOWN,30,13012,1820,48928,0f0e129d83188334dd5590cf2b74a08256ecc311da3d9b4046c8eaf1edbba7db,8fba55cea0f98be36fab7b65349dda867a58aabfcf974a46098f5123830ac5cb
12,UNKNOWN,30,13013,1820,48928,e6948e30202ced07630ee85f21d12b53e5e696b74a0c37152c19157360ec90e3,8fba55cea0f98be36fab7b65349dda867a58aabfcf974a46098f5123830ac5cb
15,UNKNOWN,30,13016,1820,48928,22081bb8eceea5e1abd353944277abc49399dc7a639e534139e9e5e70d3f46b0,8fba55cea0f98be36fab7b65349dda867a58aabfcf974a46098f5123830ac5cb
16,UNKNOWN,30,13017,1820,48928,7577e0c40abb380d066ae2576ae18c4a080896f783a431e8d53a1b53d3d39d60,8fba55cea0f98be36fab7b65349dda867a58aabfcf974a46098f5123830ac5cb
17,UNKNOWN,30,13018,1820,48928,aaf63244ab5b62fe3e2e8d81ce99a82e85166ca70b64c1e386dde286d44e71c8,8fba55cea0f98be36fab7b65349dda867a58aabfcf974a46098f5123830ac5cb
18,UNKNOWN,30,13019,1820,48928,b8efaa97e6559169bc1a2113fd2e1dad94411d4247b2835c5d56bf27d3992ca1,8fba55cea0f98be36fab7b65349dda867a58aabfcf974a46098f5123830ac5cb
19,UNKNOWN,30,13020,1820,48928,2c5efbb0fff69c4e9606aa2b7b127c6c520b3d977161803250a1f1a795eadb58,8fba55cea0f98be36fab7b65349dda867a58aabfcf974a46098f5123830ac5cb
20,UNKNOWN,30,13021,1820,48928,a6e32b704eddf5e10438b73f7e2a7c6a0e00ae66916c7b18f065cb23ad7b943b,8fba55cea0f98be36fab7b65349dda867a58aabfcf974a46098f5123830ac5cb
21,UNKNOWN,30,13022,1820,48928,5d32dcdd8713b2d103195a8ae16f750a3078077af1b99fc0f68cb5b9953892b7,8fba55cea0f98be36fab7b65349dda867a58aabfcf974a46098f5123830ac5cb
22,UNKNOWN,30,13023,1820,48928,df77b4e8c4234284f072bdf48b727cddcf8dab978e2546f584b03e44c82c4019,8fba55cea0f98be36fab7b65349dda867a58aabfcf974a46098f5123830ac5cb
23,UNKNOWN,30,13024,1820,48928,81a0777f3600bcb05f233045eb4bd7133736a173e79c1a7108c7a1119fa744df,8fba55cea0f98be36fab7b65349dda867a58aabfcf974a46098f5123830ac5cb
24,UNKNOWN,30,13025,1820,48928,bf133090ef8e96cdaa96e7792066749069f7092c6995a5b13e5a22a7194c3299,8fba55cea0f98be36fab7b65349dda867a58aabfcf974a46098f5123830ac5cb
25,UNKNOWN,30,13026,1820,48928,2307815a9e19a6018cf429ed5555c099f53485e40fe34434097812119e883d33,8fba55cea0f98be36fab7b65349dda867a58aabfcf974a46098f5123830ac5cb
26,UNKNOWN,30,13027,1820,48928,43011febe2d67591a6c8a8180f2ac5204ea32588597e18b00e8306c793bfb514,8fba55cea0f98be36fab7b65349dda867a58aabfcf974a46098f5123830ac5cb
29,UNKNOWN,30,13030,1820,48928,26d5de1cb8264f3b9dd73af7af7ffd03f8a02d60473794e36823bee29314bd55,8fba55cea0f98be36fab7b65349dda867a58aabfcf974a46098f5123830ac5cb
30,UNKNOWN,30,13031,1820,48928,f99d8795f38cf9563be93eda562a7a2c983c49de3d9b5ed6d023c4be00dcd3e1,8fba55cea0f98be36fab7b65349dda867a58aabfcf974a46098f5123830ac5cb
31,UNKNOWN,30,13032,1820,48928,46731bb4621ef747ffeb57098175b9a032dcc0e06b5f703a911449a6301e96dd,8fba55cea0f98be36fab7b65349dda867a58aabfcf974a46098f5123830ac5cb
32,UNKNOWN,30,13033,1820,48928,4ac38785ceb175ab4d7563c19096095cba339b6922200b4ae5f3c881b143e527,8fba55cea0f98be36fab7b65349dda867a58aabfcf974a46098f5123830ac5cb
33,UNKNOWN,30,13034,1820,48928,b7d276cdc18a71a285514201cfc8aee36ffc4bc7fa3dd31b026e7ff28749215e,8fba55cea0f98be36fab7b65349dda867a58aabfcf974a46098f5123830ac5cb
34,UNKNOWN,30,13035,1820,48928,9e968e84310875ea24d5f9fae3e80be1dec734a2de2726cdd389b699686b145a,8fba55cea0f98be36fab7b65349dda867a58aabfcf974a46098f5123830ac5cb
35,UNKNOWN,30,13036,1820,48928,8ad5a70bdef4965f6a0d984f0e7d0e946d37dab708b8198a2b73bf469c4cbb4f,8fba55cea0f98be36fab7b65349dda867a58aabfcf974a46098f5123830ac5cb
36,UNKNOWN,30,13037,1820,48928,2afd4fc15ab6db148de52bec0b13bc205205927fef24385996b8d38de4be3b43,8fba55cea0f98be36fab7b65349dda867a58aabfcf974a46098f5123830ac5cb
37,UNKNOWN,30,13038,1820,48928,a78924c8a4d8013b1efd999ff7cb482bad9d8c7b816e72001d370b3c21f1f861,8fba55cea0f98be36fab7b65349dda867a58aabfcf974a46098f5123830ac5cb
38,UNKNOWN,30,13039,1820,48928,e76fb0761c9933b6a85222d2ad8dd9101df63722fd9011559ce710f95c5f728c,8fba55cea0f98be36fab7b65349dda867a58aabfcf974a46098f5123830ac5cb
39,UNKNOWN,30,13040,1820,48928,1758e3e6c65f23748ca2c8f3283302b5059c860e6e64e84a8f1f56bd075d2854,8fba55cea0f98be36fab7b65349dda867a58aabfcf974a46098f5123830ac5cb
42,UNKNOWN,30,13043,1820,48928,2004023df484d26fb95e13bae26e14b4257a02b08828d4c5863601a81fce478d,8fba55cea0f98be36fab7b65349dda867a58aabfcf974a46098f5123830ac5cb
43,UNKNOWN,30,13044,1820,48928,84413a65353a0f25fefe5d9e2cd69700e855f2553af8a6990e8ae81fea79d142,8fba55cea0f98be36fab7b65349dda867a58aabfcf974a46098f5123830ac5cb
44,UNKNOWN,30,13045,1820,48928,6b9ab02b6c3a907b10a895d535a81432f2a7a240e03b9aa0388f6b3260ad624c,8fba55cea0f98be36fab7b65349dda867a58aabfcf974a46098f5123830ac5cb
45,UNKNOWN,30,13046,1820,48928,d5a442741223f00934e1a24f8eb793d35013e05a193f8f82fd22465deec4f615,8fba55cea0f98be36fab7b65349dda867a58aabfcf974a46098f5123830ac5cb
46,UNKNOWN,30,13047,1820,48928,b7360723638f6d3baed6920be239acf200908bc105b0f35e7de63efd12a13741,8fba55cea0f98be36fab7b65349dda867a58aabfcf974a46098f5123830ac5cb
47,UNKNOWN,30,13048,1820,48928,fd66b2d3cb9e5b877ac8a9f2695b40b328a98794fb9dfaa80dd51f11d2323865,8fba55cea0f98be36fab7b65349dda867a58aabfcf974a46098f5123830ac5cb
48,UNKNOWN,30,13049,1820,48928,a7ed3b64d6cf920c7aa039f21a76ff1e5dc5fed12164b4a79ac8476bb4a0de16,8fba55cea0f98be36fab7b65349dda867a58aabfcf974a46098f5123830ac5cb
49,UNKNOWN,30,13050,1820,48928,607648482ba8bac29257f06e0e1ac26e943d4a81046fb198648e627f40493c13,8fba55cea0f98be36fab7b65349dda867a58aabfcf974a46098f5123830ac5cb
50,UNKNOWN,30,13051,1820,48928,2c84466efd7ce69fb97105ad02000f00dbed7a45772ac022e9211ceae95614d1,8fba55cea0f98be36fab7b65349dda867a58aabfcf974a46098f5123830ac5cb
51,UNKNOWN,30,13052,1820,48928,75fba710ed26263972464f5b0dfabf55bead383f4d797536229def950306c4f6,8fba55cea0f98be36fab7b65349dda867a58aabfcf974a46098f5123830ac5cb
54,UNKNOWN,30,13055,1820,48928,5302b4bf7db5401ef0252f498f70a7380f384abc9dde1a712aa0f718e365e429,8fba55cea0f98be36fab7b65349dda867a58aabfcf974a46098f5123830ac5cb
55,UNKNOWN,30,13056,1820,48928,4bdc0e581c7dc9b0e26d94f304e8bbbf865b1388dd0afa7dadfd50f008c158ea,8fba55cea0f98be36fab7b65349dda867a58aabfcf974a46098f5123830ac5cb
56,UNKNOWN,30,13057,1820,48928,da37a1b5bb1f68d6daf712e68657421407a22fa282fdf6c1d59da12ffb3e061a,8fba55cea0f98be36fab7b65349dda867a58aabfcf974a46098f5123830ac5cb
57,UNKNOWN,30,13058,1820,48928,0461abafec28cd872f45bb68cf83c44069248840225ecc2b3205a5df0e9c42e1,8fba55cea0f98be36fab7b65349dda867a58aabfcf974a46098f5123830ac5cb
58,UNKNOWN,30,13059,1820,48928,a8d2793084c0004917d4d365547e7f30333341b4ea2afb078a6ede052bde77c9,8fba55cea0f98be36fab7b65349dda867a58aabfcf974a46098f5123830ac5cb
59,UNKNOWN,30,13060,1820,48928,e66b785e5a1e99eee729bbe32b8efa31990ebc6ad6e42c44e13e9a0491b221a2,8fba55cea0f98be36fab7b65349dda867a58aabfcf974a46098f5123830ac5cb
60,UNKNOWN,30,13061,1820,48928,c869e8c9a561e97599a3cf04b36098b072f7d7d56b7662f1b1a0307962d7069f,8fba55cea0f98be36fab7b65349dda867a58aabfcf974a46098f5123830ac5cb
61,UNKNOWN,30,13062,1820,48928,b4f8483e9247e51c7e21ca709816c060a773cb5b8195e6d0982a97eb307c9024,8fba55cea0f98be36fab7b65349dda867a58aabfcf974a46098f5123830ac5cb
62,UNKNOWN,30,13063,1820,48928,6b2c495ba92b02d0733c2acf92f3cfd5a776cbaf037eb63448a1ed8991229a41,8fba55cea0f98be36fab7b65349dda867a58aabfcf974a46098f5123830ac5cb
65,UNKNOWN,30,13066,1820,48928,e5aca5c909e94feba5a5b15b6a1698d857dd67402fa1ebc84d8cc8dbd9882f9f,8fba55cea0f98be36fab7b65349dda867a58aabfcf974a46098f5123830ac5cb
66,UNKNOWN,30,13067,1820,48928,124241c9ae834a4a03db5e2df94f4a45b8c1b97eb6851e27d412148e338422c5,8fba55cea0f98be36fab7b65349dda867a58aabfcf974a46098f5123830ac5cb
67,UNKNOWN,30,13068,1820,48928,61b075ebe430417151b798c02502252f04318e8ff8ca46446304a8fd0e828f55,8fba55cea0f98be36fab7b65349dda867a58aabfcf974a46098f5123830ac5cb
68,UNKNOWN,30,13069,1820,48928,7a1eb9cefd7c1c2ba3a7e2796b5ede2461c9370ecd4f95a7e59f1edc6837d852,8fba55cea0f98be36fab7b65349dda867a58aabfcf974a46098f5123830ac5cb
69,UNKNOWN,30,13070,1820,48928,ce1d6ab9a6380167e657056f0713376157e86a66591f3b42fb4879119607bcd0,8fba55cea0f98be36fab7b65349dda867a58aabfcf974a46098f5123830ac5cb
70,UNKNOWN,30,13071,1820,48928,a689fb7d5c12f44e999c16bf7bc3066324a621d33bffa157cd095126ff845dd2,8fba55cea0f98be36fab7b65349dda867a58aabfcf974a46098f5123830ac5cb
71,UNKNOWN,30,13072,1820,48928,345bf1087128f3f62b5bbd69ecc7d561d76ad03e3b16129ea6a83820340f7bd2,8fba55cea0f98be36fab7b65349dda867a58aabfcf974a46098f5123830ac5cb
72,UNKNOWN,30,13073,1820,48928,d360a1e7de61f3341f6a23c41d1dc94aa0e6673251793695764106b22c354a5a,8fba55cea0f98be36fab7b65349dda867a58aabfcf974a46098f5123830ac5cb
75,UNKNOWN,30,13076,1820,48928,f96c7bb168c2baef4caf2d40e6f2eba7affe20c2c699cca382605a717e345c4d,8fba55cea0f98be36fab7b65349dda867a58aabfcf974a46098f5123830ac5cb
76,UNKNOWN,30,13077,1820,48928,fd08ba7c4ea5151e4e9041b252d781973771a9407c82e11f9682d4b63e5c96f1,8fba55cea0f98be36fab7b65349dda867a58aabfcf974a46098f5123830ac5cb
77,UNKNOWN,30,13078,1820,48928,488727aa29a78363c91f5ad234b53074a509f6254cf8c8aea5ce91618228d368,8fba55cea0f98be36fab7b65349dda867a58aabfcf974a46098f5123830ac5cb
78,UNKNOWN,30,13079,1820,48928,538527ae7a898f54b35d64253ac713a8649ca5db89341704d9a28cdd66c2e999,8fba55cea0f98be36fab7b65349dda867a58aabfcf974a46098f5123830ac5cb
79,UNKNOWN,30,13080,1820,48928,ca532b8a92647f56c21e8c79067320ac89195ac54014f8430c8de54648775164,8fba55cea0f98be36fab7b65349dda867a58aabfcf974a46098f5123830ac5cb
80,UNKNOWN,30,13081,1820,48928,775f26917a5d9d684809d771aa6e37ec17013cae20d23e76f646256b23915e44,8fba55cea0f98be36fab7b65349dda867a58aabfcf974a46098f5123830ac5cb
81,UNKNOWN,30,13082,1820,48928,28101dbc042db016fa6a0423362cee5fb12be2e1ae52dfdb34e2ae78a7578ecd,8fba55cea0f98be36fab7b65349dda867a58aabfcf974a46098f5123830ac5cb
84,UNKNOWN,30,13085,1820,48928,8cfa67268acf101bc66c11e951e45894d00541ac0ded65a3332427a6daab19d1,8fba55cea0f98be36fab7b65349dda867a58aabfcf974a46098f5123830ac5cb
85,UNKNOWN,30,13086,1820,48928,6df353dc79ee2b72719dda7336db9ff9c63aa3760c8552686aa15d845bba9cd4,8fba55cea0f98be36fab7b65349dda867a58aabfcf974a46098f5123830ac5cb
86,UNKNOWN,30,13087,1820,48928,271ac4b545ecc90e6ac4e48231a66d9345102f9498a176e473b2463decaacaa9,8fba55cea0f98be36fab7b65349dda867a58aabfcf974a46098f5123830ac5cb
87,UNKNOWN,30,13088,1820,48928,3b0ad3a64232ed4f16a5645dacb7a47cedb14eee370a52f32beff80fed4620b5,8fba55cea0f98be36fab7b65349dda867a58aabfcf974a46098f5123830ac5cb
88,UNKNOWN,30,13089,1820,48928,637261b28b36e6c4cb9954972ada07e6ca7047a8807e51dd06407c603583757a,8fba55cea0f98be36fab7b65349dda867a58aabfcf974a46098f5123830ac5cb
91,UNKNOWN,30,13092,1820,48928,64855ada3083be4fbdf6502562b9e0ceefe0de937f68cff3c3d704872122fea8,8fba55cea0f98be36fab7b65349dda867a58aabfcf974a46098f5123830ac5cb
92,UNKNOWN,30,13093,1820,48928,434d880721df745205d5b76eb3b17007101676a9244e1f8bd151e375d29e082e,8fba55cea0f98be36fab7b65349dda867a58aabfcf974a46098f5123830ac5cb
93,UNKNOWN,30,13094,1820,48928,4ec7ad3415d5e4d1cc45e648535f692adc99c7e7cebc9f6e10063054867cb710,8fba55cea0f98be36fab7b65349dda867a58aabfcf974a46098f5123830ac5cb
94,UNKNOWN,30,13095,1820,48928,8ec984af5d1d051d7f10d982a24ee45ade2ebadb6d4e6e3eb7aee2fd19135a50,8fba55cea0f98be36fab7b65349dda867a58aabfcf974a46098f5123830ac5cb
97,UNKNOWN,30,13098,1820,48928,b9babbfdf0fd26290cf2f4a3ea999fc3fa0fb0d1c32f45bd24b113a72fb87f37,8fba55cea0f98be36fab7b65349dda867a58aabfcf974a46098f5123830ac5cb
98,UNKNOWN,30,13099,1820,48928,948ba72c0e4922596b68a31f102f36efbaa3ecddea481792124b0eb29706c8ad,8fba55cea0f98be36fab7b65349dda867a58aabfcf974a46098f5123830ac5cb
99,UNKNOWN,30,13100,1820,48928,7a73f484eb1c20bdf9b78ae664ac2b289d557d377b086cbbd5617b22258a5b87,8fba55cea0f98be36fab7b65349dda867a58aabfcf974a46098f5123830ac5cb
102,UNKNOWN,30,13103,1820,48928,70a6e1941a1d8cf4523632a09e96cb329353cdf69fda69e962f28d5b780a6a4e,8fba55cea0f98be36fab7b65349dda867a58aabfcf974a46098f5123830ac5cb
103,UNKNOWN,30,13104,1820,48928,50ef58133d00ca0fcc9def9318ea64e56702956b25051513346083484b15d7b2,8fba55cea0f98be36fab7b65349dda867a58aabfcf974a46098f5123830ac5cb
106,UNKNOWN,30,13107,1820,48928,54ddd39e8bc26f7f7b0575008f63698d1ea7204ad231ca997bf6e459c2323bd3,8fba55cea0f98be36fab7b65349dda867a58aabfcf974a46098f5123830ac5cb
114,UNKNOWN,30,13115,1820,48928,a2186ee7fb7853f80e6a04bc74047433303ce713f0ccbbbd235587918fcaebe1,8fba55cea0f98be36fab7b65349dda867a58aabfcf974a46098f5123830ac5cb
115,UNKNOWN,30,13116,1820,48928,3179dc2b224708f8e597bfc54e544784f807daaf5b16c1b3b0ece1b8aabaaaa4,8fba55cea0f98be36fab7b65349dda867a58aabfcf974a46098f5123830ac5cb
116,UNKNOWN,30,13117,1820,48928,92b1ba14c7cf98f696f73c3e6d9d0130d54381668a9b7ca0f8c8ab8d2b778eed,8fba55cea0f98be36fab7b65349dda867a58aabfcf974a46098f5123830ac5cb
117,UNKNOWN,30,13118,1820,48928,c597f606efa62300642a7e8ebbd18170444878042a7e8cfa472d116a51f3d55e,8fba55cea0f98be36fab7b65349dda867a58aabfcf974a46098f5123830ac5cb
118,UNKNOWN,30,13119,1820,48928,587e63e0fb60cb2345802fe7ca9d4a5aa4e59cd093d7d25e5b04e4b849260e6f,8fba55cea0f98be36fab7b65349dda867a58aabfcf974a46098f5123830ac5cb
119,UNKNOWN,30,13120,1820,48928,06740dc6ebb7fb13d3426c68d6441a8a38fd0db86c659f25b7c9d44265ecfb2d,8fba55cea0f98be36fab7b65349dda867a58aabfcf974a46098f5123830ac5cb
120,UNKNOWN,30,13121,1820,48928,bb4a486ec3a22b57f572e6fc7af009e5f6798cfec3b387ced9304bbe3788838c,8fba55cea0f98be36fab7b65349dda867a58aabfcf974a46098f5123830ac5cb
121,UNKNOWN,30,13122,1820,48928,dfcee7ab92e71eeb92e90f0c153efe9a12fffa34fac6723ab2e006f08b8646dd,8fba55cea0f98be36fab7b65349dda867a58aabfcf974a46098f5123830ac5cb
122,UNKNOWN,30,13123,1820,48928,b81ed27eef3ac427690c393d9a4e54752c7d08b4cbb9e3ec7ac998cf98d71aa9,8fba55cea0f98be36fab7b65349dda867a58aabfcf974a46098f5123830ac5cb
125,UNKNOWN,30,13126,1820,48928,d103c05934b16d4768764712b138b3187dd93488dec6f2d336319d464a98a51e,8fba55cea0f98be36fab7b65349dda867a58aabfcf974a46098f5123830ac5cb
126,UNKNOWN,30,13127,1820,48928,92dd048b0ee57f61cab78751057bd921927b5a54110941b524a3a7c9ab093e0e,8fba55cea0f98be36fab7b65349dda867a58aabfcf974a46098f5123830ac5cb
127,UNKNOWN,30,13128,1820,48928,87bfb11ed9f33f45d5fd3206d4d8587da8c45dc6e887978218047e58f7362939,8fba55cea0f98be36fab7b65349dda867a58aabfcf974a46098f5123830ac5cb
128,UNKNOWN,30,13129,1820,48928,2fb33b56557c8e4c0561de4ab2f43c4e1a114228e82724ba143210234fc3cfff,8fba55cea0f98be36fab7b65349dda867a58aabfcf974a46098f5123830ac5cb
129,UNKNOWN,30,13130,1820,48928,e888d485ebbd5165be7af44bc92661c71842c7c9e4f022eaf4431be1f9fb397d,8fba55cea0f98be36fab7b65349dda867a58aabfcf974a46098f5123830ac5cb
130,UNKNOWN,30,13131,1820,48928,5e63d166f65ebdd0798f6fc56c16cd9691e7866adbe7f111a8ed27f54c62a8ad,8fba55cea0f98be36fab7b65349dda867a58aabfcf974a46098f5123830ac5cb
131,UNKNOWN,30,13132,1820,48928,a4d1088592248cb18dee3a6d97907bda0c6ad4ab99184627b63557f337e0ae55,8fba55cea0f98be36fab7b65349dda867a58aabfcf974a46098f5123830ac5cb
132,UNKNOWN,30,13133,1820,48928,7334f7c5530f5f9f7c404d1367ea10be625db4f29b3ab34065a9b8931a76e4ef,8fba55cea0f98be36fab7b65349dda867a58aabfcf974a46098f5123830ac5cb
135,UNKNOWN,30,13136,1820,48928,09211897135cf03a738ad73f1e72066fca0de46c034e4787cfb5cc11bcea6523,8fba55cea0f98be36fab7b65349dda867a58aabfcf974a46098f5123830ac5cb
136,UNKNOWN,30,13137,1820,48928,59deea6319ae2190ca9d39e359fc9d210cc8d4de05440b1e0f4990d302d74d26,8fba55cea0f98be36fab7b65349dda867a58aabfcf974a46098f5123830ac5cb
137,UNKNOWN,30,13138,1820,48928,bf034af4ed524e87f195f70d1300406f3504ff4263163e18ce9b917803f9dc08,8fba55cea0f98be36fab7b65349dda867a58aabfcf974a46098f5123830ac5cb
138,UNKNOWN,30,13139,1820,48928,e5bfb0a6d6d83fec6e8f254a9b1cf0c2575dae795d88e0e7e104701c04d7e152,8fba55cea0f98be36fab7b65349dda867a58aabfcf974a46098f5123830ac5cb
139,UNKNOWN,30,13140,1820,48928,62c117a0886f7d83d93002fda65523891e6912a047a018a1106640bbac73affe,8fba55cea0f98be36fab7b65349dda867a58aabfcf974a46098f5123830ac5cb
140,UNKNOWN,30,13141,1820,48928,02ae4df5ac64844bb8ac297b11bf747ad0d93ca88b5ae657ef19e10dd73e9d2d,8fba55cea0f98be36fab7b65349dda867a58aabfcf974a46098f5123830ac5cb
141,UNKNOWN,30,13142,1820,48928,7ec1c801548506d2b18d28a06861e605ab672b9122c7eb5bc8ae938087d0f587,8fba55cea0f98be36fab7b65349dda867a58aabfcf974a46098f5123830ac5cb
144,UNKNOWN,30,13145,1820,48928,14eed02d109b81481683abd17ea8c2fd1ac3c82617eb3f02b0352edfbae73d57,8fba55cea0f98be36fab7b65349dda867a58aabfcf974a46098f5123830ac5cb
145,UNKNOWN,30,13146,1820,48928,629afb94656d10c3a52c72d2108f563fedf0a33d349b7a39bcffa5da7a5f9661,8fba55cea0f98be36fab7b65349dda867a58aabfcf974a46098f5123830ac5cb
146,UNKNOWN,30,13147,1820,48928,638ea25c5f679b63db715a1054469216e5d59d9395c09c9c61301b5e0430d800,8fba55cea0f98be36fab7b65349dda867a58aabfcf974a46098f5123830ac5cb
147,UNKNOWN,30,13148,1820,48928,ce64f7caf66348ecd99dfb292f2e255ec619226f80fade2a366545a487b82140,8fba55cea0f98be36fab7b65349dda867a58aabfcf974a46098f5123830ac5cb
148,UNKNOWN,30,13149,1820,48928,61d5f72f9a1b84106b65f0c996fb515774d77d29a5a233b5480418a31b5d0d74,8fba55cea0f98be36fab7b65349dda867a58aabfcf974a46098f5123830ac5cb
149,UNKNOWN,30,13150,1820,48928,267cc3960b5cbef061b501345bc7a99a34cc77b74d3a520a80dc456eb1f8bf5c,8fba55cea0f98be36fab7b65349dda867a58aabfcf974a46098f5123830ac5cb
152,UNKNOWN,30,13153,1820,48928,8eeb330c7bf036a2ca22108f7bb132e017f81d5ecfb5bc8da7e1b19934b91f5e,8fba55cea0f98be36fab7b65349dda867a58aabfcf974a46098f5123830ac5cb
153,UNKNOWN,30,13154,1820,48928,1c834334a80d66eb027a256e63d6d0e60ad613230526eaf847826acf7b2e34a6,8fba55cea0f98be36fab7b65349dda867a58aabfcf974a46098f5123830ac5cb
154,UNKNOWN,30,13155,1820,48928,568ac0dcbfd4b7f6fb7722197c2a6a6492e8dba2d99982d43ac7278c70f4d98a,8fba55cea0f98be36fab7b65349dda867a58aabfcf974a46098f5123830ac5cb
155,UNKNOWN,30,13156,1820,48928,f67b830c1adbe64a76fa11ddaa4dd2e6ef92f6ff8d1c63ef72a1c895fe63c4b0,8fba55cea0f98be36fab7b65349dda867a58aabfcf974a46098f5123830ac5cb
156,UNKNOWN,30,13157,1820,48928,1579611414f0a9bbbd51a5fa1e70a95301e8022933be66bf6f28e7936600a4c2,8fba55cea0f98be36fab7b65349dda867a58aabfcf974a46098f5123830ac5cb
159,UNKNOWN,30,13160,1820,48928,1141095e1113859e8cb2780c76390b489482995a41f9a1a24bceffa0380d75ee,8fba55cea0f98be36fab7b65349dda867a58aabfcf974a46098f5123830ac5cb
160,UNKNOWN,30,13161,1820,48928,83eae80ce1fc94e73649b2d6b533c738df78e9a772bc6729c970f4a9f56f95e8,8fba55cea0f98be36fab7b65349dda867a58aabfcf974a46098f5123830ac5cb
161,UNKNOWN,30,13162,1820,48928,ebd37140a34906a4219db00e91e64442b9b3a1726a5b9331c475ecc905e6ba5a,8fba55cea0f98be36fab7b65349dda867a58aabfcf974a46098f5123830ac5cb
164,UNKNOWN,30,13165,1820,48928,68b2ea745bd4fcdbcbe2a7679892b7c315dd45fbe651f60d6bae82e08238383c,8fba55cea0f98be36fab7b65349dda867a58aabfcf974a46098f5123830ac5cb
165,UNKNOWN,30,13166,1820,48928,f4507a6cf0a308d3f814bea6b902023dcad7abe51c2f5c1396f8e7e3e7599665,8fba55cea0f98be36fab7b65349dda867a58aabfcf974a46098f5123830ac5cb
168,UNKNOWN,30,13169,1820,48928,0e193099539ede3e3618a2dad076f157e519760edd5a68f1f2c210a5d97b4770,8fba55cea0f98be36fab7b65349dda867a58aabfcf974a46098f5123830ac5cb
178,UNKNOWN,30,13179,1820,48928,9a13d287152484898fe2545eab91508a22625da1b27531f26de8ceb3d5c62c64,8fba55cea0f98be36fab7b65349dda867a58aabfcf974a46098f5123830ac5cb
179,UNKNOWN,30,13180,1820,48928,a11f809bff1fa1d71f42112bd21458118c5baa11f56f62429d04d7fee2128067,8fba55cea0f98be36fab7b65349dda867a58aabfcf974a46098f5123830ac5cb
180,UNKNOWN,30,13181,1820,48928,61a0c9ee3466a6babb316a4a17f96e6fe2a760c779748dd90b77eadd6c2cd004,8fba55cea0f98be36fab7b65349dda867a58aabfcf974a46098f5123830ac5cb
181,UNKNOWN,30,13182,1820,48928,6240c516da2b3ff71fab35bdcb7324b4c1385bb7a84fdec12372e5830d238401,8fba55cea0f98be36fab7b65349dda867a58aabfcf974a46098f5123830ac5cb
182,UNKNOWN,30,13183,1820,48928,c2a4ee76b60ccae53da58720a331e82887460eb8855678aa8a20676917006564,8fba55cea0f98be36fab7b65349dda867a58aabfcf974a46098f5123830ac5cb
185,UNKNOWN,30,13186,1820,48928,c7af54fe6d5375e8aa1bbe8fba89c8dfadbf33fc8fb50c3ee46e044071f42cd6,8fba55cea0f98be36fab7b65349dda867a58aabfcf974a46098f5123830ac5cb
186,UNKNOWN,30,13187,1820,48928,647444b6a801ffb5d55b40574c10d6245c59997e5784fc8b144c1e5e7eacac8d,8fba55cea0f98be36fab7b65349dda867a58aabfcf974a46098f5123830ac5cb
187,UNKNOWN,30,13188,1820,48928,5aa115168357ebf2bce770cd61572bd4b131d8f38d9d9ebf328e585919bb2bdb,8fba55cea0f98be36fab7b65349dda867a58aabfcf974a46098f5123830ac5cb
188,UNKNOWN,30,13189,1820,48928,0bf8fa33acce28aa90e8addd1693203537191a84122a9ff74099f5fcd2b81dd4,8fba55cea0f98be36fab7b65349dda867a58aabfcf974a46098f5123830ac5cb
191,UNKNOWN,30,13192,1820,48928,b58cb7726b77ee5f1e668d884aa5eb9476b64e4267be959dafeda56cd084efac,8fba55cea0f98be36fab7b65349dda867a58aabfcf974a46098f5123830ac5cb
192,UNKNOWN,30,13193,1820,48928,300f0da39ea5371ddbdb48e4e308373b1ae61ca0f2c7adb96494f9d90a8adc88,8fba55cea0f98be36fab7b65349dda867a58aabfcf974a46098f5123830ac5cb
193,UNKNOWN,30,13194,1820,48928,d800cec34d300cc149dd0a48a50858ab252cefd627007debf0e1be9228c0b1c8,8fba55cea0f98be36fab7b65349dda867a58aabfcf974a46098f5123830ac5cb
196,UNKNOWN,30,13197,1820,48928,b4c96e386200993f9d426e6c8819ff744d3040e42a4da71e4abc9debcadac194,8fba55cea0f98be36fab7b65349dda867a58aabfcf974a46098f5123830ac5cb
208,UNKNOWN,30,13209,1820,48928,ba0ba0089eb920f1864ae83de85490368dedef476f5f920a52e61b4b464d1a5d,8fba55cea0f98be36fab7b65349dda867a58aabfcf974a46098f5123830ac5cb
